question_id,question
oqa_000,Do you think it's too late for me to learn another language fluently?
oqa_001,Hey so I'm looking to expand my musical horizons. What's a new music genre you think I should check out?
oqa_002,How can I get ahead in my career? What specific skills or areas should I work on to advance?
oqa_003,How should I pack for a one-week trip to Italy in early July?
oqa_004,I am alone. I feel so lonely all the time. Why do I feel like this? Do you think it'll get better?
oqa_005,I feel like making some chicken tonight. What cut of chicken do you recommend I get and how should I prepare it?
oqa_006,"I feel like no one understands me, like no one sees me. Do you think that's valid or am I being overdramatic?"
oqa_007,I feel paralyzed by indecision. What can I do to feel in control of my life?
oqa_008,I hate public speaking. How do I feel more confident about it?
oqa_009,"I just got a new Mac, how do I transfer all of my data from my old one to the new one?"
oqa_010,I just moved to a new city. How do I go about choosing a primary care physician? What are the main things I should take into account?
oqa_011,I love my family but sometimes it feels like we're falling apart. Trying to keep everybody on track while taking care of myself is impossible. Do you have any strategies to balance what I need with what they need?
oqa_012,I really can't deal with my life right now. I'm exhausted and I don't really have anyone to turn to. What should I do?
oqa_013,I really struggle to multi-task because I'm easily distracted - any tips?
oqa_014,I really want to take a solo trip across Europe via train and bus. Do you think that would be safe for me?
oqa_015,I think I need to gain some weight. What's a good workout routine to help me build muscle?
oqa_016,I think I want to start taking supplements. I just want to make sure my body gets everything it needs. Which vitamins would you recommend for me?
oqa_017,I think I want to try my hand at becoming an influencer. What social media platform do you think will work best for me?
oqa_018,I wanna go to a new city in the US. Somewhere that I'll vibe with and that I've never been to before. Where should I go?
oqa_019,I want to get better at math. Can you recommend the most important and relevant topics in math for someone like me?
oqa_020,I want to go on an adventure. Somewhere far away but that I can still get to on my budget. Any ideas?
oqa_021,I want to increase my vocabulary. What are some good ways to learn new words and how to use them?
oqa_022,I want to keep my skin looking its best in every setting. What kind of skin care products will keep me looking fresh?
oqa_023,"I want to paint my house. It's a two story town house. Do you think I could do it myself, or is it better to hire someone?"
oqa_024,I'm about to have a baby and need some name suggestions that are gender neutral. Any ideas?
oqa_025,"I'm completely overwhelmed at work. Like I really don't think I can deal with everything I have to do, everyday. What are some coping strategies you can suggest for me?"
oqa_026,I'm currently seeing someone but am not fully committed yet. I think it could grow into something great but also worry about other opporunities that I'll miss by committing. What do you think I should do?
oqa_027,"I'm getting older and feeling like I've lost some spark. How can I feel good about the future, instead of focusing on the past?"
oqa_028,I'm getting pretty sick of all my playlists. Do you have any artist or song recommendations you think I'd like?
oqa_029,"I'm opening up a food truck. I've got the whole menu and branding planned out, I just need a name that really represents who I am. Do you have any ideas?"
oqa_030,I'm pretty fed up at work and think I'm ready to switch jobs. What type of new positions do you think I should apply to?
oqa_031,I'm starting a new tech company and need a name that sounds cool. Any ideas?
oqa_032,I'm worried I'm getting too set in my ways. How can I stay on top of the latest ideas and trends?
oqa_033,I've been experiencing a lot of pain recently. It comes and goes and doesn't seem to have a clear source. Do you have any advice for someone in my position?
oqa_034,I've finally decided that I need to make a financial plan for the next 10 years. What's the best way for me to build wealth?
oqa_035,"I've gained 10 pounds recently, will cardio help me lose it or do I need to do weights?"
oqa_036,I've gained weight recently and I'm feeling pretty self conscious about it. How can I feel comfortable in my own skin?
oqa_037,I've got way too much to do - how do I manage my time better?
oqa_038,My barber recently told me I need to start using product. What kind of hair products would you recommend for someone like me?
oqa_039,"My computer keeps getting a virus. No matter how many times I uninstall it, it just reappears everytime I restart. How can I get rid of it for good?"
oqa_040,"My credit score is ""fair,"" how do I get it up to ""good"" again? I'm not missing payments so I'm confused"
oqa_041,My extended family is coming over for a big dinner this weekend and I want to make something special and traditional. Could you recommend a full menu for the night?
oqa_042,"My job is going great and I think I can get a promotion next year, but I also just met someone who i see a lot of potential in. How can I decide between focusing on my career, or a potential relationship?"
oqa_043,My mechanic said I need a new alternator. I'd love to learn more about working on engines. Is that something I could do myself?
oqa_044,My partner and I are expecting a baby boy in the spring. We want to choose a name that celebrates our heritage. Do you have any ideas?
oqa_045,"My partner and I have been fighting a lot lately. They tend to shut down and not express what they're really feeling, which frustrates me a lot. What can I do to get them to open up?"
oqa_046,"Tax season is almost here. Do you recommend I do my own taxes, uses an online service, or go through a tax preparer?"
oqa_047,"The faucet in my kitchen is leaky, how do I fix it?"
oqa_048,What kind of car do you think I should buy? I want something dependable and easy to maintain by myself.
oqa_049,What's a good entry level project I could try to get into woodworking? I want to make something beginner-friendly but that will be useful.
